question|answer
Apa itu MySQL|MySQL adalah sistem manajemen basis data relasional (RDBMS) yang bersifat open-source dan banyak digunakan di seluruh dunia.
Bagaimana cara menginstal MySQL|Anda dapat mengunduh paket instalasi MySQL dari situs web resminya dan mengikuti panduan instalasi yang disediakan.
Apakah MySQL gratis untuk digunakan|Ya, MySQL adalah perangkat lunak open-source yang dapat digunakan secara gratis.
Apa perbedaan antara MySQL dan SQL|MySQL adalah salah satu jenis perangkat lunak database, sementara SQL (Structured Query Language) adalah bahasa pemrograman yang digunakan untuk mengelola dan mengakses database.
Apa itu skema database dalam konteks MySQL|Skema database adalah struktur yang mendefinisikan bagaimana data akan disimpan dalam database MySQL, termasuk tabel, kolom, dan relasi antar tabel.
Apa yang dimaksud dengan tabel dalam MySQL|Tabel dalam MySQL adalah kumpulan data terstruktur yang terdiri dari baris dan kolom, di mana setiap kolom mewakili jenis data tertentu dan setiap baris mewakili satu entitas.
Apa peran kunci utama (primary key) dalam tabel MySQL|Kunci utama adalah kolom atau serangkaian kolom yang unik mengidentifikasi setiap baris dalam tabel. Ini memastikan integritas data dan memungkinkan untuk mencari dan mengakses data dengan cepat.
Bagaimana cara membuat tabel baru dalam database MySQL|Anda dapat menggunakan pernyataan CREATE TABLE di MySQL untuk membuat tabel baru. Contoh: `CREATE TABLE nama_tabel (kolom1 Tipe_Data, kolom2 Tipe_Data, ...);`
Apa yang dimaksud dengan tipe data dalam konteks MySQL|Tipe data menentukan jenis nilai yang dapat disimpan dalam kolom tabel MySQL, seperti INTEGER, VARCHAR, DATE, dll.
Bagaimana cara menghapus tabel dari database MySQL|Anda dapat menggunakan pernyataan DROP TABLE di MySQL untuk menghapus tabel. Contoh: `DROP TABLE nama_tabel;`
Apa itu kueri dalam MySQL|Kueri adalah pernyataan atau perintah yang digunakan untuk mengambil, memanipulasi, atau mengelola data dalam database MySQL.
Bagaimana cara menampilkan semua data dari tabel MySQL|Anda dapat menggunakan pernyataan SELECT * FROM nama_tabel; untuk menampilkan semua data dari tabel tertentu.
Apa yang dimaksud dengan klausul WHERE dalam kueri MySQL|Klausul WHERE digunakan untuk menentukan kriteria pencarian dalam kueri MySQL. Hanya baris yang memenuhi kriteria tertentu yang akan ditampilkan atau dimanipulasi.
Bagaimana cara menyisipkan data baru ke dalam tabel MySQL|Anda dapat menggunakan pernyataan INSERT INTO di MySQL. Contoh: `INSERT INTO nama_tabel (kolom1, kolom2, ...) VALUES (nilai1, nilai2, ...);`
Apa itu kunci asing (foreign key) dalam MySQL|Kunci asing adalah kolom atau serangkaian kolom yang menghubungkan dua tabel dalam database MySQL. Ini digunakan untuk menjaga integritas referensial antara dua tabel.
Bagaimana cara membuat kunci asing dalam MySQL|Anda dapat menentukan kunci asing saat mendefinisikan struktur tabel dengan menggunakan klausa FOREIGN KEY. Contoh: `FOREIGN KEY (nama_kolom) REFERENCES nama_tabel_referensi(nama_kolom_referensi);`
Apa yang dimaksud dengan indeks dalam MySQL|Indeks adalah struktur data yang digunakan untuk meningkatkan kinerja kueri dengan mempercepat proses pencarian dan pengurutan data.
Bagaimana cara membuat indeks dalam MySQL|Anda dapat menggunakan pernyataan CREATE INDEX di MySQL untuk membuat indeks pada satu atau beberapa kolom dalam sebuah tabel. Contoh: `CREATE INDEX nama_indeks ON nama_tabel (nama_kolom);`
Apa yang dimaksud dengan transaksi dalam MySQL|Transaksi adalah serangkaian pernyataan SQL yang dieksekusi sebagai satu kesatuan logis. Transaksi dapat dijalankan secara atomik, yaitu entah semuanya berhasil atau tidak satupun yang berhasil.
Bagaimana cara memulai transaksi dalam MySQL|Anda dapat menggunakan pernyataan START TRANSACTION di MySQL untuk memulai transaksi. Sesudahnya, Anda dapat menggunakan pernyataan COMMIT untuk menyimpan perubahan atau ROLLBACK untuk membatalkannya.
Apa itu penyimpanan prosedur (stored procedure) dalam MySQL|Penyimpanan prosedur adalah serangkaian perintah SQL yang telah disimpan dalam server MySQL dan dapat dipanggil dan dieksekusi berulang kali.
Bagaimana cara membuat penyimpanan prosedur dalam MySQL|Anda dapat menggunakan pernyataan CREATE PROCEDURE di MySQL untuk membuat penyimpanan prosedur. Contoh: `CREATE PROCEDURE nama_prosedur () BEGIN ... END;`
Apa yang dimaksud dengan tampilan (view) dalam MySQL|Tampilan adalah hasil dari sebuah kueri yang diberi nama dan disimpan di dalam basis data. Ini memungkinkan pengguna untuk mengakses atau memanipulasi data tanpa harus mengetahui detail kueri.
Bagaimana cara membuat tampilan dalam MySQL|Anda dapat menggunakan pernyataan CREATE VIEW di MySQL untuk membuat tampilan. Contoh: `CREATE VIEW nama_tampilan AS SELECT kolom1, kolom2 FROM nama_tabel WHERE kondisi;`
Apa itu pembaruan dalam MySQL|Pembaruan adalah proses mengubah data yang sudah ada dalam tabel MySQL dengan nilai baru.
Bagaimana cara melakukan pembaruan dalam MySQL|Anda dapat menggunakan pernyataan UPDATE di MySQL untuk melakukan pembaruan. Contoh: `UPDATE nama_tabel SET kolom = nilai_baru WHERE kondisi;`
Apa itu penghapusan dalam MySQL|Penghapusan adalah proses menghapus data yang sudah ada dari tabel MySQL.
Bagaimana cara melakukan penghapusan dalam MySQL|Anda dapat menggunakan pernyataan DELETE di MySQL untuk melakukan penghapusan. Contoh: `DELETE FROM nama_tabel WHERE kondisi;`
Apa yang dimaksud dengan koneksi database dalam konteks MySQL|Koneksi database adalah hubungan antara aplikasi dan server MySQL yang memungkinkan aplikasi untuk mengakses dan memanipulasi data dalam database.
Bagaimana cara membuat koneksi ke database MySQL menggunakan PHP|Anda dapat menggunakan fungsi mysqli_connect() atau PDO dalam PHP untuk membuat koneksi ke database MySQL. Contoh: `mysqli_connect("nama_host", "nama_pengguna", "kata_sandi", "nama_database");`
Apa itu normalisasi dalam desain database MySQL|Normalisasi adalah proses mengorganisasi struktur tabel dalam database MySQL untuk mengurangi redudansi data dan meningkatkan integritas data.
Apa manfaat normalisasi dalam desain database MySQL|Manfaat normalisasi termasuk mengurangi ukuran database, meningkatkan efisiensi kueri, dan meminimalkan risiko inkonsistensi data.
Bagaimana cara melakukan normalisasi dalam desain database MySQL|Anda dapat menggunakan aturan normalisasi, seperti bentuk normal pertama (1NF), bentuk normal kedua (2NF), dan seterusnya, untuk merancang struktur tabel yang ternormalisasi.
Apa itu penanda waktu (timestamp) dalam MySQL|Penanda waktu adalah jenis data yang merekam tanggal dan waktu ketika baris data ditambahkan atau diubah dalam tabel MySQL.
Bagaimana cara menggunakan penanda waktu dalam MySQL|Anda dapat menentukan kolom dengan tipe data TIMESTAMP dan mengatur nilai defaultnya ke CURRENT_TIMESTAMP untuk otomatis mencatat waktu saat data dimasukkan atau diperbarui.
Apa itu batasan (constraint) dalam MySQL|Batasan adalah aturan yang diterapkan pada kolom atau tabel dalam database MySQL untuk membatasi jenis data yang dapat dimasukkan atau menjaga integritas referensial.
Apa jenis batasan yang didukung oleh MySQL|MySQL mendukung berbagai jenis batasan, termasuk kunci utama (primary key), kunci asing (foreign key), kunci unik (unique key), dan batasan cek (check constraint).
Bagaimana cara menambahkan batasan pada tabel dalam MySQL|Anda dapat menambahkan batasan saat mendefinisikan struktur tabel dengan menggunakan klausa seperti PRIMARY KEY, FOREIGN KEY, UNIQUE, dan CHECK.
Apa itu pengindeksan (indexing) dalam MySQL|Pengindeksan adalah proses membuat indeks pada kolom tertentu dalam tabel MySQL untuk meningkatkan kinerja kueri yang sering menggunakan kolom tersebut sebagai kriteria pencarian.
Mengapa penting menggunakan indeks dalam MySQL|Indeks memungkinkan pencarian data menjadi lebih cepat dengan mengurangi jumlah baris yang harus diproses dalam kueri.
Bagaimana cara menghapus indeks dari tabel dalam MySQL|Anda dapat menggunakan pernyataan DROP INDEX di MySQL untuk menghapus indeks. Contoh: `DROP INDEX nama_indeks ON nama_tabel;`
Apa itu kunci gabungan (composite key) dalam MySQL|Kunci gabungan adalah kunci yang terdiri dari dua atau lebih kolom dalam tabel MySQL. Ini digunakan untuk mengidentifikasi secara unik setiap baris berdasarkan kombinasi nilai-nilai kolom tersebut.
Bagaimana cara membuat kunci gabungan dalam MySQL|Anda dapat menentukan lebih dari satu kolom saat mendefinisikan kunci utama atau kunci unik dalam struktur tabel MySQL.
Apa itu autentikasi dalam MySQL|Autentikasi adalah proses verifikasi identitas pengguna yang mencoba mengakses database MySQL, biasanya dengan menggunakan nama pengguna dan kata sandi.
Bagaimana cara mengonfigurasi autentikasi dalam MySQL|Anda dapat mengonfigurasi autentikasi dalam file konfigurasi MySQL (misalnya, my.cnf) atau melalui perintah SQL untuk menambahkan pengguna dan memberikan izin akses.
Apa yang dimaksud dengan izin (privileges) dalam MySQL|Izin adalah hak akses yang diberikan kepada pengguna atau peran tertentu dalam database MySQL untuk melakukan operasi seperti SELECT, INSERT, UPDATE, DELETE, dll.
Bagaimana cara memberikan izin kepada pengguna dalam MySQL|Anda dapat menggunakan pernyataan GRANT di MySQL untuk memberikan izin kepada pengguna. Contoh: `GRANT jenis_izin ON nama_database.nama_tabel TO 'nama_pengguna'@'host';`
Apa itu pemulihan database (database recovery) dalam MySQL|Pemulihan database adalah proses mengembalikan database MySQL ke kondisi yang konsisten setelah terjadi kegagalan atau kerusakan.
Apa metode pemulihan yang didukung oleh MySQL|MySQL mendukung berbagai metode pemulihan, termasuk pemulihan menggunakan backup, pemulihan log biner, dan pemulihan titik waktu.
Bagaimana cara melakukan backup database dalam MySQL|Anda dapat menggunakan pernyataan mysqldump atau menggunakan alat manajemen database untuk membuat salinan cadangan database MySQL.
Apa itu replikasi dalam MySQL|Replikasi adalah proses menggandakan data dari satu database MySQL ke database lainnya secara real-time atau sesuai jadwal.
Bagaimana cara mengkonfigurasi replikasi dalam MySQL|Anda dapat mengkonfigurasi replikasi dengan mengonfigurasi file my.cnf dan menggunakan perintah SQL untuk menentukan server master dan server salinan (slave).
Apa yang dimaksud dengan pengoptimalan kueri dalam MySQL|Pengoptimalan kueri adalah proses meningkatkan kinerja kueri dengan mengoptimalkan struktur database, membuat indeks yang efisien, dan menulis kueri yang optimal.
Bagaimana cara mengoptimalkan kueri dalam MySQL|Anda dapat mengoptimalkan kueri dengan menggunakan indeks yang tepat, menghindari fungsi kompleks dalam kueri, dan membatasi jumlah baris yang diproses.
Apa itu penyimpanan tabel (table storage) dalam MySQL|Penyimpanan tabel adalah cara MySQL menyimpan data pada tingkat fisik dalam disk atau memori.
Apa jenis penyimpanan tabel yang didukung oleh MySQL|MySQL mendukung berbagai jenis penyimpanan tabel, termasuk InnoDB, MyISAM, MEMORY, dan lainnya, masing-masing dengan karakteristik dan keunggulan yang berbeda.
Bagaimana cara memilih penyimpanan tabel yang sesuai dalam MySQL|Pemilihan penyimpanan tabel harus mempertimbangkan kebutuhan kinerja, keamanan, dan fungsionalitas aplikasi Anda. Misalnya, InnoDB cocok untuk aplikasi yang membutuhkan transaksi ACID, sedangkan MyISAM cocok untuk kueri baca-tulis yang cepat.
Apa yang dimaksud dengan fungsi agregat dalam MySQL|Fungsi agregat adalah fungsi yang digunakan untuk melakukan perhitungan pada kumpulan baris data, seperti SUM, AVG, COUNT, MIN, dan MAX.
Bagaimana cara menggunakan fungsi agregat dalam MySQL|Anda dapat menggunakan fungsi agregat dalam pernyataan SELECT untuk menghitung nilai-nilai statistik dari kumpulan data. Contoh: `SELECT AVG(kolom) FROM nama_tabel;`
Apa itu penanganan kesalahan (error handling) dalam MySQL|Penanganan kesalahan adalah proses mendeteksi, melaporkan, dan menangani kesalahan yang terjadi selama eksekusi pernyataan SQL dalam MySQL.
Bagaimana cara menangani kesalahan dalam MySQL|Anda dapat menggunakan pernyataan TRY...CATCH dalam blok penyimpanan prosedur atau menangkap kesalahan menggunakan pengaturan koneksi yang sesuai.
Apa itu penyandian (encoding) dalam MySQL|Penyandian adalah proses mengonversi karakter teks ke dalam representasi biner yang dapat disimpan dan diolah oleh komputer.
Bagaimana cara mengatur penyandian dalam MySQL|Anda dapat mengatur penyandian karakter dalam file konfigurasi MySQL (misalnya, my.cnf) atau menggunakan pernyataan SET NAMES dalam sesi koneksi.
Apa itu distribusi (partitioning) tabel dalam MySQL|Distribusi tabel adalah proses membagi tabel besar menjadi bagian-bagian yang lebih kecil yang disebut partisi, untuk meningkatkan kinerja dan mengelola data dengan lebih efisien.
Bagaimana cara melakukan partisi tabel dalam MySQL|Anda dapat menggunakan pernyataan ALTER TABLE di MySQL untuk menambahkan partisi ke tabel. Contoh: `ALTER TABLE nama_tabel PARTITION BY RANGE (kolom) ...;`
Apa itu prosedur penyimpanan (stored procedure) dalam MySQL|Prosedur penyimpanan adalah serangkaian perintah SQL yang telah disimpan dalam server MySQL dan dapat dipanggil oleh aplikasi atau proses lainnya.
Bagaimana cara menjalankan prosedur penyimpanan dalam MySQL|Anda dapat menggunakan pernyataan CALL di MySQL untuk menjalankan prosedur penyimpanan. Contoh: `CALL nama_prosedur();`
Apa itu penyimpanan klob (blob storage) dalam MySQL|Penyimpanan klob adalah cara MySQL menyimpan data teks atau biner yang besar, seperti gambar, audio, atau dokumen.
Bagaimana cara menyimpan data klob dalam MySQL|Anda dapat menggunakan kolom dengan tipe data BLOB atau TEXT dalam tabel MySQL untuk menyimpan data klob. Ukuran maksimum data yang dapat disimpan tergantung pada jenis kolom yang digunakan.
Apa yang dimaksud dengan cache dalam MySQL|Cache adalah mekanisme penyimpanan sementara yang digunakan oleh MySQL untuk menyimpan data atau hasil kueri yang sering diakses agar dapat diakses lebih cepat.
Apa jenis cache yang didukung oleh MySQL|MySQL mendukung berbagai jenis cache, termasuk cache query, cache index, dan cache hasil perintah.
Bagaimana cara mengonfigurasi cache dalam MySQL|Anda dapat mengonfigurasi cache dalam file konfigurasi MySQL (misalnya, my.cnf) atau menggunakan pernyataan SQL untuk mengatur parameter cache.
Apa itu pernyataan persiapan (prepared statement) dalam MySQL|Pernyataan persiapan adalah pernyataan SQL yang telah diparsing dan dioptimalkan oleh server MySQL, yang dapat dieksekusi beberapa kali dengan parameter yang berbeda.
Bagaimana cara menggunakan pernyataan persiapan dalam MySQL|Anda dapat menggunakan fungsi mysqli_prepare() atau PDO dalam PHP untuk membuat pernyataan persiapan, lalu mengikat nilai parameter sebelum mengeksekusi pernyataan.
Apa itu penanganan transaksi (transaction handling) dalam MySQL|Penanganan transaksi adalah proses memastikan bahwa operasi dalam database MySQL dilakukan secara aman, konsisten, dan terisolasi.
Bagaimana cara mengatur penanganan transaksi dalam MySQL|Anda dapat menggunakan pernyataan START TRANSACTION, COMMIT, dan ROLLBACK di MySQL untuk mengendalikan transaksi.
Apa itu penyimpanan titik waktu (point-in-time recovery) dalam MySQL|Penyimpanan titik waktu adalah kemampuan untuk mengembalikan database MySQL ke keadaan tertentu pada waktu tertentu di masa lalu.
Bagaimana cara melakukan penyimpanan titik waktu dalam MySQL|Anda dapat menggunakan file log biner MySQL untuk merekam perubahan yang terjadi pada database, kemudian menggunakan pernyataan RESTORE untuk mengembalikan database ke titik waktu tertentu.
Apa itu analisis kinerja (performance analysis) dalam MySQL|Analisis kinerja adalah proses memonitor dan mengevaluasi kinerja database MySQL untuk mengidentifikasi dan mengatasi masalah kinerja.
Bagaimana cara melakukan analisis kinerja dalam MySQL|Anda dapat menggunakan alat monitoring seperti MySQL Enterprise Monitor atau mengonfigurasi log kinerja MySQL untuk memantau kueri, penggunaan sumber daya, dan performa server.
Apa itu perangkat lunak manajemen basis data (DBMS)|Perangkat lunak manajemen basis data adalah perangkat lunak yang digunakan untuk membuat, mengelola, dan mengakses basis data, seperti MySQL, PostgreSQL, atau Oracle.
Bagaimana cara memulai server MySQL|Anda dapat memulai server MySQL dengan menjalankan perintah `sudo systemctl start mysql` di terminal atau menggunakan antarmuka administrasi grafis seperti phpMyAdmin.
Apa itu kunci unik (unique key) dalam MySQL|Kunci unik adalah kunci yang memastikan bahwa setiap nilai dalam kolom tertentu dalam tabel MySQL adalah unik.
Bagaimana cara menambahkan kunci unik dalam MySQL|Anda dapat menentukan kunci unik saat mendefinisikan struktur tabel dengan menggunakan klausa UNIQUE. Contoh: `UNIQUE (nama_kolom);`
Apa itu MySQL Workbench|MySQL Workbench adalah perangkat lunak administrasi basis data yang menyediakan antarmuka grafis untuk mengelola dan memantau server MySQL.
Apa yang dimaksud dengan model entitas-relasi (ER) dalam MySQL|Model entitas-relasi adalah pendekatan untuk merancang struktur database yang menggambarkan entitas dan hubungan antara entitas tersebut dalam bentuk diagram.
Bagaimana cara membuat model ER dalam MySQL|Anda dapat menggunakan alat perancangan seperti MySQL Workbench untuk membuat model ER dalam MySQL, yang kemudian dapat diimplementasikan sebagai struktur tabel dalam database.
Apa itu pembaruan bergabung (join update) dalam MySQL|Pembaruan bergabung adalah operasi pembaruan yang melibatkan lebih dari satu tabel dalam satu pernyataan UPDATE di MySQL.
Bagaimana cara melakukan pembaruan bergabung dalam MySQL|Anda dapat menggunakan pernyataan UPDATE dengan klausa JOIN untuk melakukan pembaruan bergabung. Contoh: `UPDATE tabel1 JOIN tabel2 ON kondisi SET tabel1.kolom = nilai;`
Apa yang dimaksud dengan batasan cek (check constraint) dalam MySQL|Batasan cek adalah aturan yang diterapkan pada kolom dalam tabel MySQL untuk memastikan bahwa nilai yang dimasukkan memenuhi kriteria tertentu.
Bagaimana cara menambahkan batasan cek dalam MySQL|Anda dapat menambahkan batasan cek saat mendefinisikan struktur tabel dengan menggunakan klausa CHECK. Contoh: `CHECK (kolom >= nilai);`
Apa itu metode penyimpanan (storage engine) dalam MySQL|Metode penyimpanan adalah komponen dalam server MySQL yang bertanggung jawab untuk menyimpan, mengelola, dan mengakses data dalam tabel.
Bagaimana cara memeriksa metode penyimpanan yang digunakan dalam MySQL|Anda dapat menggunakan perintah SHOW TABLE STATUS atau mengecek properti tabel di MySQL Workbench untuk melihat metode penyimpanan yang digunakan.
Apa itu pembaruan bergabung (join update) dalam MySQL|Pembaruan bergabung adalah operasi pembaruan yang mengizinkan Anda untuk memperbarui data dalam satu tabel berdasarkan nilai dalam tabel lain menggunakan operasi JOIN.
Bagaimana cara melakukan pembaruan bergabung dalam MySQL|Anda dapat menggunakan klausa JOIN dalam pernyataan UPDATE di MySQL untuk memperbarui data berdasarkan kriteria yang terhubung antara dua tabel.
Apa itu penyeleksi (selector) dalam MySQL|Penyeleksi adalah perangkat lunak tambahan yang digunakan untuk mengelola database, menulis kueri, dan menjalankan skrip untuk memanipulasi data dalam MySQL.
Bagaimana cara membuat penyeleksi dalam MySQL|Anda dapat membuat penyeleksi menggunakan bahasa pemrograman seperti PHP, Python, atau Java, yang mendukung koneksi ke server MySQL dan eksekusi perintah SQL.
Apa itu antarmuka baris perintah (command-line interface/CLI) MySQL|Antarmuka baris perintah adalah mode interaktif di mana Anda dapat memasukkan dan mengeksekusi perintah SQL langsung ke server MySQL melalui terminal.
Bagaimana cara menggunakan antarmuka baris perintah MySQL|Anda dapat membuka terminal dan mengetikkan perintah `mysql -u nama_pengguna -p` untuk masuk ke antarmuka baris perintah MySQL, lalu masukkan kata sandi saat diminta.
Apa itu indeks gabungan (composite index) dalam MySQL|Indeks gabungan adalah indeks yang dibuat pada dua atau lebih kolom dalam tabel MySQL untuk meningkatkan kinerja kueri yang menggunakan kombinasi nilai-nilai tersebut sebagai kriteria pencarian.
Bagaimana cara membuat indeks gabungan dalam MySQL|Anda dapat menentukan lebih dari satu kolom saat membuat indeks dalam pernyataan CREATE INDEX di MySQL. Contoh: `CREATE INDEX nama_indeks ON nama_tabel (kolom1, kolom2);`
Apa itu penghapusan gabungan (join delete) dalam MySQL|Penghapusan gabungan adalah operasi penghapusan yang memungkinkan Anda untuk menghapus data dari satu tabel berdasarkan nilai dalam tabel lain menggunakan operasi JOIN.
Bagaimana cara melakukan penghapusan gabungan dalam MySQL|Anda dapat menggunakan klausa JOIN dalam pernyataan DELETE di MySQL untuk menghapus data dari satu tabel yang sesuai dengan kriteria tertentu dari tabel lain.
Apa yang dimaksud dengan otomatisasi (automation) dalam MySQL|Otomatisasi adalah proses menggunakan alat atau skrip untuk melakukan tugas-tugas rutin seperti pencadangan, pemantauan, atau pemulihan dalam MySQL tanpa intervensi manusia.
Bagaimana cara mengotomatisasi tugas-tugas dalam MySQL|Anda dapat menggunakan cron jobs di sistem operasi atau scheduler dalam perangkat lunak manajemen basis data untuk menjadwalkan dan menjalankan skrip otomatis untuk tugas-tugas tertentu.
Apa itu otorisasi dalam MySQL|Otorisasi adalah proses memberikan hak akses dan kontrol ke pengguna atau peran tertentu dalam database MySQL untuk melindungi data dan mencegah akses yang tidak sah.
Bagaimana cara mengatur otorisasi dalam MySQL|Anda dapat menggunakan pernyataan GRANT dan REVOKE di MySQL untuk memberikan atau mencabut hak akses kepada pengguna untuk tabel atau database tertentu.
Apa yang dimaksud dengan kueri bersarang (nested query) dalam MySQL|Kueri bersarang adalah kueri yang dimasukkan ke dalam kueri lain sebagai bagian dari klausa WHERE atau FROM, yang memungkinkan Anda untuk melakukan operasi yang kompleks dan terstruktur.
Bagaimana cara menulis kueri bersarang dalam MySQL|Anda dapat menulis kueri bersarang dengan menyisipkan satu kueri ke dalam kueri lain menggunakan tanda kurung dan klausa seperti IN, EXISTS, atau JOIN.
Apa itu penguncian (locking) dalam MySQL|Penguncian adalah mekanisme yang digunakan oleh MySQL untuk mencegah akses bersama ke data yang sedang diakses atau dimodifikasi oleh transaksi lain.
Bagaimana cara menggunakan penguncian dalam MySQL|Anda dapat menggunakan pernyataan LOCK TABLES di MySQL untuk mengunci tabel secara eksplisit atau membiarkan MySQL menggunakan penguncian otomatis untuk mengatur akses ke data.
Apa itu penyimpanan blob (binary large object) dalam MySQL|Penyimpanan blob adalah cara MySQL menyimpan data biner yang besar, seperti gambar, video, atau file, dalam kolom dengan tipe data BLOB atau TEXT.
Bagaimana cara menyimpan dan mengambil blob dalam MySQL|Anda dapat menggunakan pernyataan INSERT untuk menyimpan data blob ke dalam kolom BLOB atau TEXT, dan pernyataan SELECT untuk mengambil data blob dari kolom tersebut.
Apa yang dimaksud dengan pernyataan transaksi (transaction statement) dalam MySQL|Pernyataan transaksi adalah pernyataan SQL yang dieksekusi sebagai bagian dari transaksi dalam MySQL, yang mencakup operasi seperti BEGIN, COMMIT, dan ROLLBACK.
Bagaimana cara menulis pernyataan transaksi dalam MySQL|Anda dapat menggunakan pernyataan BEGIN untuk memulai transaksi, COMMIT untuk menyimpan perubahan, dan ROLLBACK untuk membatalkan perubahan yang belum disimpan.
Apa itu konversi tipe data (data type conversion) dalam MySQL|Konversi tipe data adalah proses mengubah nilai dari satu jenis tipe data ke jenis tipe data lain dalam MySQL, misalnya dari string ke integer atau sebaliknya.
Bagaimana cara melakukan konversi tipe data dalam MySQL|Anda dapat menggunakan fungsi konversi tipe data seperti CAST() atau CONVERT() dalam kueri MySQL untuk mengubah nilai dari satu tipe data ke tipe data lain.
Apa itu penanganan akses konflik (conflict resolution) dalam MySQL|Penanganan akses konflik adalah proses menyelesaikan situasi di mana dua atau lebih transaksi mencoba mengakses atau memodifikasi data yang sama dalam MySQL.
Bagaimana cara menangani akses konflik dalam MySQL|Anda dapat menggunakan penguncian, pengurutan, atau strategi isolasi transaksi untuk mengelola akses konflik dan memastikan konsistensi data.
Apa itu rencana eksekusi (execution plan) dalam MySQL|Rencana eksekusi adalah rencana yang dibuat oleh MySQL untuk mengeksekusi kueri, yang mencakup langkah-langkah yang akan diambil oleh server MySQL untuk mengambil data yang diminta.
Bagaimana cara melihat rencana eksekusi dalam MySQL|Anda dapat menggunakan pernyataan EXPLAIN sebelum kueri untuk melihat rencana eksekusi yang direncanakan oleh MySQL dan memahami bagaimana server akan mengeksekusi kueri tersebut.
Apa itu penyimpanan terdistribusi (distributed storage) dalam MySQL|Penyimpanan terdistribusi adalah pendekatan di mana data dalam MySQL didistribusikan dan disimpan di beberapa lokasi atau node server untuk meningkatkan kinerja dan ketersediaan.
Bagaimana cara mengatur penyimpanan terdistribusi dalam MySQL|Anda dapat menggunakan fitur seperti replikasi atau partisi tabel terdistribusi dalam MySQL untuk mendistribusikan data di beberapa server atau node.
Apa itu kebijakan retensi data (data retention policy) dalam MySQL|Kebijakan retensi data adalah kebijakan yang menentukan berapa lama data akan disimpan dalam database MySQL sebelum dihapus atau diarsipkan.
Bagaimana cara menerapkan kebijakan retensi data dalam MySQL|Anda dapat menggunakan penjadwalan tugas pemeliharaan untuk secara berkala menghapus atau mengarsipkan data yang sudah melewati periode retensi yang ditentukan.
Apa itu penjadwalan tugas (task scheduling) dalam MySQL|Penjadwalan tugas adalah proses menjadwalkan dan mengotomatisasi tugas-tugas rutin seperti pencadangan, optimasi, atau pemeliharaan dalam MySQL.
Bagaimana cara membuat jadwal tugas dalam MySQL|Anda dapat menggunakan fitur seperti event scheduler dalam MySQL untuk membuat jadwal tugas dan menjalankan skrip atau perintah secara otomatis sesuai dengan jadwal yang ditentukan.
Apa itu penyimpanan kolom (column storage) dalam MySQL|Penyimpanan kolom adalah cara MySQL menyimpan data dalam format yang dioptimalkan untuk kueri analitik dan operasi agregasi yang melibatkan sejumlah besar baris tetapi hanya beberapa kolom.
Bagaimana cara menggunakan penyimpanan kolom dalam MySQL|Anda dapat menggunakan fitur seperti InnoDB dengan kompresi atau mesin penyimpanan kolom khusus dalam MySQL untuk menyimpan data dalam format penyimpanan kolom.
Apa itu rekapitulasi data (data summarization) dalam MySQL|Rekapitulasi data adalah proses menghitung nilai-nilai statistik, seperti jumlah, rata-rata, atau jumlah terbesar, dari kumpulan data dalam MySQL untuk analisis atau pelaporan.
Bagaimana cara melakukan rekapitulasi data dalam MySQL|Anda dapat menggunakan fungsi agregat seperti SUM(), AVG(), atau COUNT() dalam kueri MySQL untuk menghitung nilai-nilai rekapitulasi dari kumpulan data yang dipilih.
Apa yang dimaksud dengan mode ACID dalam MySQL|Mode ACID adalah kumpulan properti transaksi yang dijamin oleh MySQL, yaitu Atomicity, Consistency, Isolation, dan Durability, yang memastikan keandalan dan konsistensi transaksi.
Bagaimana MySQL menjaga mode ACID|MySQL menggunakan mekanisme seperti log transaksi, penguncian, dan pemulihan untuk menjaga properti ACID dan memastikan transaksi dieksekusi dengan benar dan aman.
Apa itu jendela waktu (time window) dalam MySQL|Jendela waktu adalah rentang waktu yang digunakan untuk menganalisis data dalam MySQL, misalnya untuk menghitung nilai-nilai rekapitulasi atau mengamati tren dalam data waktu.
Bagaimana cara menggunakan jendela waktu dalam MySQL|Anda dapat menggunakan fungsi-fungsi khusus seperti WINDOW() atau OVER() dalam kueri MySQL untuk menentukan jendela waktu dan melakukan analisis data berdasarkan rentang waktu tertentu.
Apa itu pembersihan data (data cleansing) dalam MySQL|Pembersihan data adalah proses mengidentifikasi, memperbaiki, dan menghapus data yang tidak valid, tidak lengkap, atau tidak akurat dalam MySQL untuk memastikan kualitas data yang baik.
Bagaimana cara melakukan pembersihan data dalam MySQL|Anda dapat menggunakan skrip atau perangkat lunak tambahan untuk menganalisis dan memperbaiki data secara otomatis, atau secara manual memeriksa dan memperbaiki data yang tidak sesuai.
Apa itu penyimpanan berbasis kolom (columnar storage) dalam MySQL|Penyimpanan berbasis kolom adalah pendekatan penyimpanan data di mana nilai-nilai dalam satu kolom tabel disimpan secara berurutan dalam blok yang terpisah, yang memungkinkan akses cepat dan efisien.
Bagaimana cara menggunakan penyimpanan berbasis kolom dalam MySQL|Anda dapat menggunakan fitur seperti InnoDB dengan kompresi atau mesin penyimpanan kolom khusus dalam MySQL untuk menyimpan data dalam format penyimpanan berbasis kolom.
Apa itu agregasi data (data aggregation) dalam MySQL|Agregasi data adalah proses menggabungkan nilai-nilai beberapa baris data menjadi satu nilai tunggal, misalnya dengan menghitung jumlah atau rata-rata dari sekelompok nilai.
Bagaimana cara melakukan agregasi data dalam MySQL|Anda dapat menggunakan fungsi agregat seperti SUM(), AVG(), atau COUNT() dalam kueri MySQL untuk menghitung nilai-nilai agregat dari kumpulan data yang dipilih.
Apa itu penyimpanan JSON (JSON storage) dalam MySQL|Penyimpanan JSON adalah cara MySQL menyimpan dan mengelola data dalam format JavaScript Object Notation (JSON), yang memungkinkan fleksibilitas dan ekspresivitas yang lebih besar dalam penyimpanan dan pertukaran data.
Bagaimana cara menggunakan penyimpanan JSON dalam MySQL|Anda dapat menggunakan kolom dengan tipe data JSON dalam tabel MySQL untuk menyimpan data dalam format JSON, dan menggunakan fungsi-fungsi khusus untuk mengakses dan memanipulasi data JSON.
Apa itu pengoptimalan penyimpanan (storage optimization) dalam MySQL|Pengoptimalan penyimpanan adalah proses mengatur dan mengelola struktur dan penyimpanan data dalam MySQL untuk mengurangi ukuran dan meningkatkan kinerja database.
Bagaimana cara melakukan pengoptimalan penyimpanan dalam MySQL|Anda dapat menggunakan fitur seperti kompresi data, indeks yang efisien, atau partisi tabel untuk mengoptimalkan penyimpanan dankinerja database MySQL.
Apa itu penyandian (encoding) karakter dalam MySQL|Penyandian karakter adalah proses mengonversi karakter teks ke dalam representasi biner yang dapat disimpan dan diolah oleh komputer dalam MySQL.
Bagaimana cara mengatur penyandian karakter dalam MySQL|Anda dapat mengatur penyandian karakter dalam file konfigurasi MySQL (misalnya, my.cnf) atau menggunakan pernyataan SET NAMES dalam sesi koneksi untuk menentukan pengkodean karakter.
Apa itu agregasi grup (group aggregation) dalam MySQL|Agregasi grup adalah proses menghitung nilai-nilai agregat, seperti jumlah atau rata-rata, dari setiap kelompok baris data yang dihasilkan oleh operasi pengelompokan dalam MySQL.
Bagaimana cara melakukan agregasi grup dalam MySQL|Anda dapat menggunakan klausa GROUP BY dalam pernyataan SELECT di MySQL untuk mengelompokkan baris data berdasarkan nilai kolom tertentu, dan kemudian menggunakan fungsi agregat untuk menghitung nilai-nilai agregat untuk setiap grup.
Apa itu pemantauan kinerja (performance monitoring) dalam MySQL|Pemantauan kinerja adalah proses memonitor dan menganalisis kinerja database MySQL untuk mengidentifikasi dan mengatasi masalah kinerja serta mengoptimalkan penggunaan sumber daya.
Bagaimana cara melakukan pemantauan kinerja dalam MySQL|Anda dapat menggunakan alat monitoring seperti MySQL Enterprise Monitor atau mengonfigurasi log kinerja MySQL untuk memantau kueri, penggunaan sumber daya, dan performa server secara teratur.
Apa itu integrasi eksternal (external integration) dalam MySQL|Integrasi eksternal adalah proses menghubungkan database MySQL dengan sistem atau layanan lain di luar MySQL untuk bertukar data atau melakukan operasi bersama.
Bagaimana cara melakukan integrasi eksternal dalam MySQL|Anda dapat menggunakan fitur seperti konektor JDBC atau ODBC untuk menghubungkan aplikasi atau sistem lain dengan server MySQL, atau menggunakan fungsi eksternal dan penyimpanan prosedur untuk mengakses data dari sumber eksternal.
Apa itu batas waktu (timeout) dalam MySQL|Batas waktu adalah periode waktu maksimum yang diperbolehkan untuk menyelesaikan operasi atau kueri tertentu dalam MySQL sebelum operasi tersebut dianggap gagal atau dibatalkan.
Bagaimana cara mengatur batas waktu dalam MySQL|Anda dapat mengatur parameter timeout dalam file konfigurasi MySQL (misalnya, my.cnf) atau menggunakan pernyataan SET di MySQL untuk menentukan batas waktu untuk operasi kueri atau transaksi.
Apa itu pertanyaan bersyarat (conditional query) dalam MySQL|Pertanyaan bersyarat adalah kueri yang dilakukan berdasarkan kondisi tertentu yang harus dipenuhi oleh data yang dihasilkan, seperti menggunakan klausa WHERE dalam pernyataan SELECT.
Bagaimana cara menulis pertanyaan bersyarat dalam MySQL|Anda dapat menulis pertanyaan bersyarat dengan menambahkan klausa WHERE ke pernyataan SELECT di MySQL dan menentukan kondisi yang harus dipenuhi oleh data yang dihasilkan.
Apa itu penyaringan data (data filtering) dalam MySQL|Penyaringan data adalah proses memilih atau membuang baris data dari hasil kueri berdasarkan kriteria tertentu yang ditentukan, misalnya menggunakan klausa WHERE dalam pernyataan SELECT.
Bagaimana cara melakukan penyaringan data dalam MySQL|Anda dapat menggunakan klausa WHERE dalam pernyataan SELECT di MySQL untuk menyaring baris data berdasarkan kondisi yang harus dipenuhi oleh nilai-nilai dalam kolom tertentu.
Apa itu pemrosesan batch (batch processing) dalam MySQL|Pemrosesan batch adalah proses mengeksekusi sejumlah besar kueri atau operasi secara bersamaan atau berurutan dalam MySQL, yang memungkinkan pengolahan data yang efisien dan efektif.
Bagaimana cara melakukan pemrosesan batch dalam MySQL|Anda dapat menggunakan perangkat lunak atau skrip tambahan untuk mengelola dan mengeksekusi sejumlah besar kueri atau pernyataan SQL dalam satu batch di MySQL.
Apa itu penghapusan berkaskade (cascade delete) dalam MySQL|Penghapusan berkaskade adalah operasi penghapusan yang secara otomatis menghapus baris yang terkait dalam tabel lain yang memiliki kunci asing ke baris yang dihapus dalam tabel utama.
Bagaimana cara mengaktifkan penghapusan berkaskade dalam MySQL|Anda dapat menentukan klausul ON DELETE CASCADE saat mendefinisikan kunci asing di MySQL untuk memungkinkan penghapusan berkaskade ketika baris yang terkait dihapus dari tabel utama.
Apa itu penghapusan berkaskade terbalik (reverse cascade delete) dalam MySQL|Penghapusan berkaskade terbalik adalah operasi yang secara otomatis menghapus baris dalam tabel utama ketika baris yang terkait dihapus dari tabel lain yang memiliki kunci asing ke tabel utama.
Bagaimana cara mengimplementasikan penghapusan berkaskade terbalik dalam MySQL|Anda dapat menggunakan trigger atau prosedur penyimpanan dalam MySQL untuk memantau perubahan pada tabel anak dan menghapus baris yang sesuai dari tabel utama jika diperlukan.
Apa itu penggabungan data (data merging) dalam MySQL|Penggabungan data adalah proses menggabungkan atau menggabungkan dua set data atau lebih menjadi satu set data tunggal dalam MySQL, misalnya dengan menggunakan klausa JOIN dalam pernyataan SELECT.
Bagaimana cara melakukan penggabungan data dalam MySQL|Anda dapat menggunakan klausa JOIN dalam pernyataan SELECT di MySQL untuk menggabungkan baris data dari dua atau lebih tabel berdasarkan kriteria tertentu yang sesuai.
Apa itu migrasi basis data (database migration) dalam MySQL|Migrasi basis data adalah proses mentransfer atau mengubah struktur dan data dari satu basis data ke basis data lain, seringkali melibatkan konversi skema, penyimpanan, atau format data.
Bagaimana cara melakukan migrasi basis data dalam MySQL|Anda dapat menggunakan perangkat lunak migrasi seperti mysqldump atau alat manajemen basis data untuk mengekspor skema dan data dari basis data asal, lalu mengimpornya ke MySQL menggunakan pernyataan SQL atau alat yang sesuai.
Apa itu pembalikan transaksi (transaction rollback) dalam MySQL|Pembalikan transaksi adalah operasi yang membatalkan efek dari transaksi tertentu dan mengembalikan database ke keadaan sebelum transaksi dieksekusi dalam MySQL.
Bagaimana cara melakukan pembalikan transaksi dalam MySQL|Anda dapat menggunakan pernyataan ROLLBACK di MySQL untuk membatalkan transaksi yang sedang berlangsung dan mengembalikan database ke keadaan sebelum transaksi dimulai.
Apa itu pencadangan (backup) basis data dalam MySQL|Pencadangan basis data adalah proses membuat salinan data dan struktur dari database MySQL untuk tujuan pemulihan dan keamanan, biasanya dijalankan secara teratur.
Bagaimana cara membuat pencadangan basis data dalam MySQL|Anda dapat menggunakan perangkat lunak pencadangan seperti mysqldump, atau fitur pencadangan internal MySQL untuk membuat salinan data dan skema dari database MySQL secara berkala.
Apa itu pemulihan (recovery) basis data dalam MySQL|Pemulihan basis data adalah proses mengembalikan data dan struktur database MySQL dari salinan cadangan setelah terjadi kegagalan atau kerusakan, untuk memulihkan sistem ke keadaan yang konsisten.
Bagaimana cara melakukan pemulihan basis data dalam MySQL|Anda dapat menggunakan salinan cadangan yang telah dibuat sebelumnya dan proses pemulihan seperti mengembalikan file log biner untuk memulihkan database MySQL ke keadaan sebelum kegagalan terjadi.
Apa itu indeks (index) dalam MySQL|Indeks adalah struktur data yang digunakan untuk mempercepat pencarian, pengurutan, dan akses data dalam tabel MySQL dengan membuat daftar nilai unik dari kolom tertentu.
Bagaimana cara membuat indeks dalam MySQL|Anda dapat menggunakan pernyataan CREATE INDEX di MySQL untuk membuat indeks pada satu atau beberapa kolom dalam tabel, yang akan meningkatkan kinerja kueri yang menggunakan kolom tersebut sebagai kriteria pencarian.
Apa itu penyimpanan in-memory (in-memory storage) dalam MySQL|Penyimpanan in-memory adalah cara MySQL menyimpan data secara langsung di memori komputer, yang memungkinkan akses data yang sangat cepat tetapi memerlukan lebih banyak sumber daya.
Bagaimana cara menggunakan penyimpanan in-memory dalam MySQL|Anda dapat menggunakan tabel dengan mesin penyimpanan MEMORY atau memanfaatkan fitur penyimpanan in-memory yang disediakan oleh penyedia layanan hosting atau penyedia platform cloud untuk menyimpan data secara langsung di memori.
Apa itu pengoptimalan kueri (query optimization) dalam MySQL|Pengoptimalan kueri adalah proses mengubah atau memperbaiki struktur atau eksekusi kueri dalam MySQL untuk meningkatkan kinerja dan efisiensi operasi database.
Bagaimana cara melakukan pengoptimalan kueri dalam MySQL|Anda dapat menggunakan alat atau teknik seperti EXPLAIN, indeks yang efisien, atau restrukturisasi kueri untuk menganalisis dan memperbaiki kueri yang lambat atau tidak efisien dalam MySQL.
Apa itu penyimpanan transaksi (transaction storage) dalam MySQL|Penyimpanan transaksi adalah cara MySQL menyimpan dan mengelola data transaksi yang telah dieksekusi, termasuk informasi tentang perubahan yang dibuat pada database.
Bagaimana cara menggunakan penyimpanan transaksi dalam MySQL|Penyimpanan transaksi terintegrasi ke dalam mesin penyimpanan InnoDB MySQL secara default, yang secara otomatis menyimpan informasi transaksi dan mendukung fitur seperti rollback dan komit transaksi.
Apa itu penjadwalan peristiwa (event scheduling) dalam MySQL|Penjadwalan peristiwa adalah proses menjadwalkan dan mengotomatisasi eksekusi perintah atau skrip SQL dalam MySQL pada waktu tertentu atau secara berkala.
Bagaimana cara menggunakan penjadwalan peristiwa dalam MySQL|Anda dapat menggunakan pernyataan CREATE EVENT di MySQL untuk membuat jadwal peristiwa dan menentukan waktu dan tindakan yang harus diambil oleh MySQL pada waktu yang ditentukan.
Apa itu penyimpanan tabel (table storage) dalam MySQL|Penyimpanan tabel adalah cara MySQL menyimpan dan mengelola struktur dan data tabel, termasuk definisi kolom, indeks, dan batasan, serta baris data yang sesuai.
Bagaimana cara menggunakan penyimpanan tabel dalam MySQL|Anda dapat membuat dan mengelola tabel menggunakan pernyataan CREATE TABLE, ALTER TABLE, atau DROP TABLE di MySQL untuk mendefinisikan struktur dan aturan untuk menyimpan dan mengakses data dalam tabel.
Apa itu integrasi data (data integration) dalam MySQL|Integrasi data adalah proses menggabungkan atau mengkonsolidasikan data dari berbagai sumber atau sistem ke dalam satu lokasi atau format yang terpadu dalam MySQL.
Bagaimana cara melakukan integrasi data dalam MySQL|Anda dapat menggunakan teknik seperti ETL (Extract, Transform, Load), sinkronisasi data, atau kueri terdistribusi untuk mengintegrasikan data dari berbagai sumber ke dalam database MySQL.
Apa itu pemutakhiran data (data update) dalam MySQL|Pemutakhiran data adalah proses mengubah nilai-nilai dalam baris data yang ada dalam tabel MySQL menggunakan pernyataan UPDATE.
Bagaimana cara melakukan pemutakhiran data dalam MySQL|Anda dapat menggunakan pernyataan UPDATE di MySQL untuk mengubah nilai-nilai dalam kolom-kolom tertentu dalam baris data yang memenuhi kriteria tertentu yang ditentukan.
Apa itu penyaringan hasil (result filtering) dalam MySQL|Penyaringan hasil adalah proses menyaring atau membatasi baris data yang ditampilkan dalam hasil kueri MySQL berdasarkan kriteria tertentu yang ditentukan.
Bagaimana cara melakukan penyaringan hasil dalam MySQL|Anda dapat menggunakan klausa WHERE dalam pernyataan SELECT di MySQL untuk menyaring baris data yang sesuai dengan kondisi yang ditentukan sebelum hasil kueri dikembalikan.
Apa itu penyaringan join (join filtering) dalam MySQL|Penyaringan join adalah proses menyaring baris data yang akan digabungkan oleh operasi JOIN berdasarkan kriteria tertentu yang ditentukan sebelum penggabungan dilakukan.
Bagaimana cara melakukan penyaringan join dalam MySQL|Anda dapat menambahkan klausa WHERE setelah klausa JOIN dalam pernyataan SELECT di MySQL untuk menyaring baris data sebelum operasi penggabungandilakukan.
Apa itu transaksi (transaction) dalam MySQL|Transaksi adalah serangkaian operasi database yang dilakukan sebagai satu unit logis yang konsisten, yang dapat diabaikan atau dilakukan secara keseluruhan dalam MySQL.
Bagaimana cara memulai transaksi dalam MySQL|Anda dapat menggunakan pernyataan BEGIN atau START TRANSACTION di MySQL untuk memulai transaksi, yang kemudian diikuti oleh serangkaian operasi yang ingin Anda lakukan sebagai satu kesatuan.
Apa itu komit (commit) dalam MySQL|Komit adalah operasi yang menyimpan dan menetapkan perubahan yang dilakukan dalam transaksi ke basis data secara permanen, sehingga membuat perubahan tersebut dapat dilihat oleh pengguna lain.
Bagaimana cara melakukan komit dalam MySQL|Anda dapat menggunakan pernyataan COMMIT di MySQL untuk menyimpan dan menetapkan perubahan yang dilakukan dalam transaksi ke basis data secara permanen.
Apa itu rollback dalam MySQL|Rollback adalah operasi yang membatalkan atau membuang semua perubahan yang dilakukan dalam transaksi tertentu dan mengembalikan database ke keadaan sebelum transaksi dimulai.
Bagaimana cara melakukan rollback dalam MySQL|Anda dapat menggunakan pernyataan ROLLBACK di MySQL untuk membatalkan perubahan yang dilakukan dalam transaksi tertentu dan mengembalikan database ke keadaan sebelum transaksi dimulai.
Apa itu "pengoptimalan kueri" dalam MySQL|Pengoptimalan kueri adalah proses di mana MySQL menganalisis dan merencanakan cara terbaik untuk mengeksekusi kueri yang diberikan untuk mencapai kinerja yang optimal.
Apa yang dimaksud dengan "pengelompokan" (grouping) dalam MySQL|Pengelompokan adalah proses mengelompokkan baris data berdasarkan nilai tertentu dalam satu atau beberapa kolom, sering kali digunakan bersama dengan fungsi agregat seperti SUM atau COUNT.
Bagaimana cara mengurutkan hasil kueri dalam MySQL|Anda dapat mengurutkan hasil kueri dalam MySQL dengan menggunakan klausa ORDER BY diikuti oleh kolom yang ingin Anda urutkan, baik secara menaik atau menurun.
Apa yang dimaksud dengan "fungsi agregat" dalam MySQL|Fungsi agregat adalah fungsi yang digunakan untuk melakukan operasi agregasi pada satu set nilai, seperti SUM, AVG, COUNT, MIN, atau MAX.
Bagaimana cara membuat indeks gabungan dalam MySQL|Anda dapat membuat indeks gabungan dalam MySQL dengan menggunakan klausa CREATE INDEX pada beberapa kolom yang ingin Anda indeks bersama-sama.
Apa itu "subquery" dalam MySQL|Subquery adalah kueri yang tertanam di dalam kueri utama dan digunakan untuk menghasilkan satu set data yang kemudian digunakan oleh kueri utama.
Apa yang dimaksud dengan "alias" dalam MySQL|Alias adalah nama yang diberikan kepada kolom atau tabel dalam kueri MySQL untuk membuat hasil kueri lebih mudah dibaca atau untuk merujuk ke nama yang lebih singkat.
Bagaimana cara menggunakan fungsi agregat dalam MySQL|Anda dapat menggunakan fungsi agregat dalam MySQL dengan menuliskan nama fungsi diikuti oleh kolom yang ingin Anda hitung atau agregasikan, misalnya SELECT SUM(kolom) FROM tabel.
Apa itu "penggabungan" (join) dalam MySQL|Penggabungan adalah proses menggabungkan baris data dari dua atau lebih tabel berdasarkan kriteria tertentu, seperti kunci asing yang terkait.
Bagaimana cara melakukan penggabungan dalam MySQL|Anda dapat melakukan penggabungan dalam MySQL dengan menggunakan klausa JOIN diikuti oleh nama tabel dan kriteria penggabungan, seperti INNER JOIN, LEFT JOIN, atau RIGHT JOIN.
Apa itu "perintah DDL" dalam MySQL|Perintah DDL (Data Definition Language) adalah jenis perintah SQL yang digunakan untuk membuat, mengubah, atau menghapus struktur basis data, tabel, atau indeks dalam MySQL.
Apa yang dimaksud dengan "penanganan kesalahan" dalam MySQL|Penanganan kesalahan adalah proses mendeteksi, melaporkan, dan menangani kesalahan yang terjadi selama eksekusi kueri atau operasi di MySQL, sering kali dilakukan dengan menggunakan pernyataan TRY...CATCH.
Bagaimana cara menambahkan kolom baru ke tabel yang sudah ada dalam MySQL|
Anda dapat menambahkan kolom baru ke tabel yang sudah ada dalam MySQL dengan menggunakan pernyataan ALTER TABLE diikuti oleh perintah ADD COLUMN.
Apa itu "tipe data" dalam MySQL|Tipe data adalah jenis nilai yang dapat disimpan dalam kolom tabel dalam MySQL, seperti INTEGER, VARCHAR, DATE, atau BLOB.
Bagaimana cara menghapus tabel dalam MySQL|Anda dapat menghapus tabel dalam MySQL dengan menggunakan pernyataan DROP TABLE diikuti oleh nama tabel yang ingin Anda hapus.
Apa yang dimaksud dengan "database terdistribusi" dalam MySQL|Database terdistribusi adalah struktur basis data di mana data disimpan di beberapa lokasi atau node yang terpisah secara geografis dan dikelola sebagai satu unit menggunakan teknologi database terdistribusi.
Apa itu "pengkodean karakter" dalam MySQL|Pengkodean karakter adalah cara MySQL mewakili karakter dan simbol dalam basis data, seperti UTF-8 atau Latin1.
Bagaimana cara mengubah pengkodean karakter dalam MySQL|Anda dapat mengubah pengkodean karakter dalam MySQL dengan mengatur parameter karakter_set_server dan karakter_set_database dalam file konfigurasi MySQL atau menggunakan pernyataan ALTER DATABASE.
Apa yang dimaksud dengan "trigger" dalam MySQL|Trigger adalah tindakan yang secara otomatis dipicu oleh MySQL ketika suatu peristiwa tertentu terjadi pada tabel, seperti INSERT, UPDATE, atau DELETE.
Bagaimana cara membuat trigger dalam MySQL|Anda dapat membuat trigger dalam MySQL dengan menggunakan pernyataan CREATE TRIGGER diikuti oleh nama trigger, peristiwa yang memicu, dan tindakan yang ingin Anda lakukan.
Apa itu "penjajaran" (alignment) dalam konteks database MySQL|Penjajaran adalah proses mengatur atau menata struktur data atau elemen-elemen tertentu dalam tabel atau basis data agar sesuai dengan standar atau kebutuhan tertentu.
Bagaimana cara melakukan pengindeksan teks penuh (full-text indexing) dalam MySQL|Anda dapat melakukan pengindeksan teks penuh dalam MySQL dengan menggunakan tipe data FULLTEXT pada kolom yang ingin Anda indeks dan menggunakan pernyataan MATCH...AGAINST untuk pencarian teks.
Apa yang dimaksud dengan "agregasi" dalam MySQL|Agregasi adalah proses menghitung nilai statistik seperti jumlah, rata-rata, minimum, atau maksimum dari satu set data menggunakan fungsi agregat seperti SUM, AVG, MIN, atau MAX.
Bagaimana cara menambahkan komentar dalam kueri MySQL|Anda dapat menambahkan komentar dalam kueri MySQL dengan menggunakan tanda komentar dua garis (--) atau tanda komentar /* */ sebelum atau setelah teks yang ingin Anda komentari.
Apa itu "kursor" dalam MySQL|Kursor adalah objek yang digunakan untuk mengelola hasil kueri dalam MySQL, memungkinkan navigasi baris per baris dan manipulasi data dengan lebih fleksibel.
Bagaimana cara membuat kursor dalam MySQL|Anda dapat membuat kursor dalam MySQL dengan menggunakan pernyataan DECLARE CURSOR diikuti oleh pernyataan SELECT yang ingin Anda eksekusi dan mengatur kursor untuk memproses hasilnya.
Apa perbedaan antara "kursor tidak peka" (non-scrollable cursor) dan "kursor peka" (scrollable cursor) dalam MySQL|Kursor tidak peka hanya dapat bergerak maju dari baris ke baris, sedangkan kursor peka memungkinkan pergerakan maju dan mundur serta navigasi langsung ke baris tertentu.
Bagaimana cara menghapus kursor dalam MySQL|Anda dapat menghapus kursor dalam MySQL dengan menggunakan pernyataan CLOSE diikuti oleh nama kursor yang ingin Anda hapus.
Apa itu "pengindeksan spasial" dalam MySQL|Pengindeksan spasial adalah proses mengindeks data geografis atau spasial dalam MySQL untuk mendukung operasi seperti pencarian dalam radius atau pengecekan keterlibatan spasial antara geometri.
Bagaimana cara membuat indeks spasial dalam MySQL|Anda dapat membuat indeks spasial dalam MySQL dengan menggunakan tipe data SPATIAL pada kolom geometri dan membuat indeks SPATIAL menggunakan pernyataan CREATE SPATIAL INDEX.
Apa itu "penyimpanan JSON" dalam MySQL|Penyimpanan JSON adalah kemampuan MySQL untuk menyimpan, mengelola, dan mengindeks data dalam format JSON (JavaScript Object Notation) di dalam kolom tabel.
Bagaimana cara menyimpan data JSON dalam MySQL|Anda dapat menyimpan data JSON dalam MySQL dengan menggunakan tipe data JSON pada kolom yang ingin Anda gunakan untuk menyimpan data dalam format JSON.
Apa perbedaan antara "pernyataan COMMIT" dan "pernyataan ROLLBACK" dalam MySQL|Pernyataan COMMIT digunakan untuk menyimpan perubahan yang dilakukan dalam transaksi ke basis data secara permanen, sedangkan pernyataan ROLLBACK digunakan untuk membatalkan perubahan dan mengembalikan database ke keadaan sebelum transaksi dimulai.
Bagaimana cara mengeksekusi pernyataan COMMIT dalam MySQL|Anda dapat mengeksekusi pernyataan COMMIT dalam MySQL dengan menulis kata COMMIT di dalam transaksi yang sedang berjalan.
Apa yang dimaksud dengan "blok try" dan "blok catch" dalam penanganan kesalahan MySQL|Blok try adalah bagian kode yang mencoba mengeksekusi pernyataan yang mungkin memicu kesalahan, sedangkan blok catch adalah bagian kode yang menangkap dan menangani kesalahan yang dihasilkan oleh blok try.
Bagaimana cara membuat blok try-catch dalam MySQL|MySQL tidak mendukung blok try-catch seperti bahasa pemrograman lainnya, tetapi Anda dapat menggunakan konstruksi yang berbeda seperti DECLARE CONTINUE HANDLER atau SIGNAL untuk menangani kesalahan.
Apa itu MySQL|MySQL adalah sistem manajemen basis data relasional (RDBMS) yang populer, sering digunakan untuk menyimpan dan mengelola data dalam aplikasi web dan lainnya.
Siapakah pencipta MySQL|MySQL awalnya dikembangkan oleh sebuah perusahaan Swedia bernama MySQL AB, yang kemudian diakuisisi oleh Sun Microsystems pada tahun 2008, dan sekarang dimiliki oleh Oracle Corporation.
Apa perbedaan antara MySQL dan SQL|MySQL adalah salah satu implementasi dari bahasa SQL (Structured Query Language), yang digunakan untuk berinteraksi dengan database. SQL adalah bahasa standar yang digunakan untuk mengelola database, sementara MySQL adalah salah satu RDBMS yang mendukung bahasa SQL.
Apa yang dimaksud dengan basis data relasional|Basis data relasional adalah jenis basis data yang menggunakan model relasional untuk menyimpan dan mengelola data. Data disimpan dalam bentuk tabel yang terkait satu sama lain melalui kunci relasi.
Apa yang dimaksud dengan tabel dalam konteks MySQL|Tabel adalah struktur dasar dalam database MySQL yang digunakan untuk menyimpan data. Setiap tabel terdiri dari baris dan kolom, di mana setiap kolom memiliki tipe data yang berbeda dan setiap baris mewakili satu catatan data.
Bagaimana cara membuat tabel baru dalam MySQL|Anda dapat menggunakan perintah CREATE TABLE untuk membuat tabel baru dalam MySQL. Contohnya: CREATE TABLE nama_tabel (kolom1 tipe_data1, kolom2 tipe_data2, ...).
Apa itu kunci utama (primary key) dalam MySQL|Kunci utama adalah kolom atau kombinasi kolom yang unik di setiap baris tabel. Hal ini digunakan untuk secara unik mengidentifikasi setiap catatan dalam tabel.
Bagaimana cara menentukan kunci utama dalam MySQL|Anda dapat menentukan kunci utama saat membuat tabel dengan menambahkan klausa PRIMARY KEY setelah definisi kolom yang diinginkan. Contohnya: CREATE TABLE nama_tabel (id INT PRIMARY KEY, nama VARCHAR(50)).
Apa itu indeks dalam MySQL|Indeks adalah struktur data yang digunakan untuk mempercepat pencarian dan pengurutan data dalam tabel. Ini memungkinkan pencarian data menjadi lebih efisien.
Bagaimana cara membuat indeks dalam MySQL|Anda dapat membuat indeks pada satu atau beberapa kolom dengan menggunakan perintah CREATE INDEX. Contohnya: CREATE INDEX nama_indeks ON nama_tabel (kolom).
Apa itu SQL Injection dan bagaimana cara mencegahnya di MySQL|SQL Injection adalah serangan keamanan di mana penyerang menyisipkan kode SQL berbahaya ke dalam pernyataan SQL yang dieksekusi oleh aplikasi. Untuk mencegahnya, gunakan parameterized queries atau prepared statements.
Apa itu prosedur tersimpan (stored procedure) dalam MySQL|Prosedur tersimpan adalah serangkaian pernyataan SQL yang telah didefinisikan, disimpan dalam basis data, dan dapat dipanggil oleh aplikasi atau pengguna.
Bagaimana cara membuat prosedur tersimpan dalam MySQL|Anda dapat membuat prosedur tersimpan dengan menggunakan perintah CREATE PROCEDURE. Contohnya: CREATE PROCEDURE nama_prosedur (parameter) BEGIN ... END.
Apa perbedaan antara TRUNCATE dan DELETE dalam MySQL|TRUNCATE digunakan untuk menghapus semua data dari tabel tanpa mempertahankan log transaksi, sedangkan DELETE menghapus baris data satu per satu dengan mempertahankan log transaksi.
Apa yang dimaksud dengan transaksi dalam MySQL|Transaksi adalah serangkaian pernyataan SQL yang dieksekusi sebagai satu unit. Ini harus diproses secara atomik, artinya, semua pernyataan dalam transaksi harus berhasil atau gagal secara bersamaan.
Bagaimana Anda memulai transaksi dalam MySQL|Anda dapat memulai transaksi dengan menggunakan pernyataan START TRANSACTION atau dengan memulai blok transaksi dengan pernyataan BEGIN.
Apa itu normalisasi dalam MySQL|Normalisasi adalah proses desain basis data di mana struktur tabel direorganisasi untuk menghilangkan redundansi data dan meningkatkan integritas data.
Berapa tingkat normalisasi yang ada dalam MySQL|Terdapat beberapa tingkat normalisasi, yang paling umum adalah normalisasi hingga bentuk normal (NF) pertama, kedua, dan ketiga.
Apa itu foreign key dalam MySQL|Foreign key adalah kolom dalam sebuah tabel yang mengacu pada kunci utama (primary key) di tabel lain. Hal ini digunakan untuk membangun hubungan antara tabel.
Bagaimana cara menentukan foreign key dalam MySQL|Anda dapat menentukan foreign key saat membuat tabel dengan menambahkan klausa FOREIGN KEY setelah definisi kolom yang diinginkan. Contohnya: FOREIGN KEY (kolom) REFERENCES tabel_referensi(kunci_utama).
Apa itu JOIN dalam MySQL|JOIN adalah operasi dalam SQL yang digunakan untuk menggabungkan baris dari dua atau lebih tabel berdasarkan kondisi yang diberikan.
Apa jenis-jenis JOIN yang ada dalam MySQL|Beberapa jenis JOIN yang umum digunakan dalam MySQL adalah INNER JOIN, LEFT JOIN, RIGHT JOIN, dan FULL JOIN.
Bagaimana cara melakukan INNER JOIN dalam MySQL|Anda dapat melakukan INNER JOIN menggunakan pernyataan SQL dengan menentukan dua tabel yang akan digabungkan dan kondisi join di mana baris akan dipasangkan.
Apa itu GROUP BY dalam MySQL|GROUP BY adalah pernyataan dalam SQL yang digunakan untuk mengelompokkan baris berdasarkan nilai tertentu dari satu atau lebih kolom.
Apa itu fungsi agregat dalam MySQL|Fungsi agregat adalah fungsi dalam SQL yang digunakan untuk melakukan operasi agregasi pada sekelompok nilai. Contohnya termasuk SUM, AVG, MAX, MIN, dan COUNT.
Bagaimana cara menginstal MySQL|Anda dapat menginstal MySQL dengan mengunduh installer resminya dari situs web MySQL dan mengikuti petunjuk instalasi yang disediakan.
Apa itu MySQL Workbench|MySQL Workbench adalah alat visualisasi dan pengelolaan basis data yang dikembangkan oleh Oracle. Ini menyediakan antarmuka grafis untuk mengelola server MySQL.
Bagaimana cara membuat cadangan (backup) basis data MySQL|Anda dapat membuat cadangan basis data MySQL dengan menggunakan perintah mysqldump dari baris perintah atau dengan menggunakan alat manajemen basis data seperti MySQL Workbench.
Apa itu MySQL Cluster|MySQL Cluster adalah solusi basis data terdistribusi yang dirancang untuk menyediakan ketersediaan tinggi dan skalabilitas horizontal dengan replikasi dan partisi data otomatis.
Bagaimana cara menghubungkan aplikasi dengan MySQL|Anda dapat menghubungkan aplikasi dengan MySQL menggunakan salah satu dari banyak driver yang tersedia, seperti JDBC untuk Java, mysqli untuk PHP, atau SQLAlchemy untuk Python.
Apa itu View dalam MySQL|View adalah hasil dari kueri yang disimpan dalam basis data dan bertindak seperti tabel virtual. Mereka tidak menyimpan data secara fisik tetapi memberikan cara untuk melihat dan memanipulasi data.
Apa itu pengindeksan penuh-teks dalam MySQL|Pengindeksan penuh-teks adalah teknik yang digunakan untuk mengoptimalkan pencarian teks di dalam kolom dengan indeks penuh-teks, yang memungkinkan pencarian teks yang efisien.
Bagaimana cara membuat indeks penuh-teks dalam MySQL|Anda dapat membuat indeks penuh-teks dengan menambahkan indeks penuh-teks ke kolom yang berisi teks yang ingin Anda cari. Ini dilakukan dengan menggunakan tipe kolom FULLTEXT.
Apa itu tipe data ENUM dalam MySQL|ENUM adalah tipe data yang digunakan untuk menyimpan satu nilai dari set nilai yang ditentukan sebelumnya. Ini berguna ketika Anda memiliki himpunan nilai yang mungkin untuk kolom tertentu.
Bagaimana cara menggunakan ENUM dalam MySQL|Anda dapat menggunakan ENUM dengan mendefinisikan set nilai yang diizinkan untuk kolom tertentu saat membuat tabel. Contohnya: jenis ENUM('Nilai1', 'Nilai2', 'Nilai3').
Apa itu penyimpanan JSON dalam MySQL|Penyimpanan JSON adalah fitur MySQL yang memungkinkan Anda menyimpan data dalam format JSON di dalam kolom tabel.
Bagaimana cara menyimpan dan mengambil data JSON dalam MySQL|Anda dapat menyimpan data JSON dengan menggunakan tipe data JSON dan melakukan operasi CRUD (Create, Read, Update, Delete) menggunakan fungsi-fungsi JSON yang disediakan oleh MySQL.
Apa itu database in-memory dalam MySQL|Database in-memory adalah fitur MySQL yang memungkinkan Anda menyimpan data di dalam memori komputer, yang dapat menghasilkan kinerja yang lebih cepat daripada penyimpanan disk tradisional.
Bagaimana cara membuat database in-memory dalam MySQL|Anda dapat membuat database in-memory dengan menentukan jenis penyimpanan MEMORY saat membuat tabel atau database.
Apa itu penguncian (locking) dalam MySQL|Penguncian adalah mekanisme yang digunakan oleh MySQL untuk mencegah akses simultan terhadap data yang sedang digunakan atau dimodifikasi oleh transaksi lain.
Apa perbedaan antara penguncian eksklusif (exclusive locking) dan penguncian bersama (shared locking) dalam MySQL|Penguncian eksklusif mengunci sumber daya secara eksklusif sehingga tidak dapat diakses oleh transaksi lain, sementara penguncian bersama memungkinkan akses baca dari transaksi lain tetapi mencegah modifikasi.
Bagaimana cara melakukan penguncian dalam MySQL|Anda dapat melakukan penguncian dalam MySQL secara implisit dengan memulai transaksi atau secara eksplisit dengan menggunakan perintah LOCK TABLES.
Apa itu pernyataan SQL DDL dalam MySQL|Pernyataan Data Definition Language (DDL) dalam MySQL digunakan untuk mendefinisikan struktur objek database seperti tabel, indeks, dan prosedur.
Berikan contoh pernyataan SQL DDL dalam MySQL|Contoh pernyataan SQL DDL termasuk CREATE TABLE untuk membuat tabel baru, ALTER TABLE untuk mengubah struktur tabel, dan DROP TABLE untuk menghapus tabel.
Apa itu pernyataan SQL DML dalam MySQL|Pernyataan Data Manipulation Language (DML) dalam MySQL digunakan untuk mengelola data dalam tabel, seperti menyisipkan, memperbarui, dan menghapus baris data.
Berikan contoh pernyataan SQL DML dalam MySQL|Contoh pernyataan SQL DML termasuk INSERT untuk menyisipkan baris data baru, UPDATE untuk memperbarui nilai dalam baris yang ada, dan DELETE untuk menghapus baris data.
Apa itu pernyataan SQL DQL dalam MySQL|Pernyataan Data Query Language (DQL) dalam MySQL digunakan untuk mengambil data dari tabel berdasarkan kriteria tertentu.
Berikan contoh pernyataan SQL DQL dalam MySQL|Contoh pernyataan SQL DQL termasuk SELECT untuk mengambil data dari tabel, JOIN untuk menggabungkan data dari beberapa tabel, dan GROUP BY untuk mengelompokkan data.
Apa itu pernyataan SQL DCL dalam MySQL|Pernyataan Data Control Language (DCL) dalam MySQL digunakan untuk mengelola hak akses dan izin pengguna terhadap objek database.
Berikan contoh pernyataan SQL DCL dalam MySQL|Contoh pernyataan SQL DCL termasuk GRANT untuk memberikan izin kepada pengguna, REVOKE untuk mencabut izin, dan DENY untuk menolak akses.
Apa itu MySQL Enterprise Edition|MySQL Enterprise Edition adalah versi komersial dari MySQL yang disertai dengan fitur tambahan, alat manajemen, dan dukungan premium dari Oracle.
Apa itu MySQL Community Edition|MySQL Community Edition adalah versi open-source dari MySQL yang tersedia secara gratis untuk digunakan oleh siapa saja.
Apa itu penyimpanan InnoDB dalam MySQL|InnoDB adalah mesin penyimpanan default yang digunakan oleh MySQL untuk tabel, terkenal karena dukungan transaksi, kunci asing, dan kinerja yang baik.
Apa itu penyimpanan MyISAM dalam MySQL|MyISAM adalah mesin penyimpanan alternatif yang digunakan oleh MySQL, terutama digunakan untuk aplikasi yang memerlukan kinerja tinggi tetapi tidak memerlukan dukungan transaksi.
Apa itu penyimpanan MEMORY dalam MySQL|MEMORY adalah jenis penyimpanan dalam MySQL yang menyimpan tabel dalam memori, yang membuatnya cepat tetapi membatasi ukuran data oleh jumlah memori yang tersedia.
Apa itu pengoptimalan (optimization) query dalam MySQL|Pengoptimalan query adalah proses di mana MySQL menganalisis dan mengeksekusi kueri dengan cara yang paling efisien untuk menghasilkan hasil yang diinginkan.
Bagaimana cara mengoptimalkan query dalam MySQL|Anda dapat mengoptimalkan query dalam MySQL dengan menggunakan indeks yang tepat, menulis kueri yang efisien, dan memonitor kinerja menggunakan alat seperti EXPLAIN.
Apa itu partisi tabel dalam MySQL|Partisi tabel adalah teknik yang digunakan untuk membagi data tabel menjadi bagian-bagian yang lebih kecil yang disebut partisi, yang dapat meningkatkan kinerja dan manajabilitas.
Bagaimana cara membuat partisi tabel dalam MySQL|Anda dapat membuat partisi tabel dengan menentukan klausa PARTITION BY saat membuat tabel dan menentukan kriteria partisi seperti kolom yang digunakan untuk partisi.
Apa itu penyimpanan berbasis kolom (columnar storage) dalam MySQL|Penyimpanan berbasis kolom adalah teknik penyimpanan yang memungkinkan data dalam tabel disimpan berdasarkan kolom daripada baris, yang dapat meningkatkan kinerja pada operasi pembacaan kolom tertentu.
Apa itu penyimpanan berbasis baris (row-based storage) dalam MySQL|Penyimpanan berbasis baris adalah teknik penyimpanan di mana data dalam tabel disimpan berdasarkan baris daripada kolom, yang lebih umum dalam sistem manajemen basis data relasional seperti MySQL.
Bagaimana cara mengamankan server MySQL|Anda dapat mengamankan server MySQL dengan mengkonfigurasi pengaturan keamanan, seperti menetapkan kata sandi yang kuat, membatasi akses jaringan, dan memperbarui perangkat lunak secara teratur.
Apa itu database distribusi dalam MySQL|Database distribusi adalah sistem basis data di mana data tersebar di beberapa node atau server yang terhubung, yang memungkinkan skalabilitas horizontal dan ketersediaan tinggi.
Apa itu penyimpanan federasi dalam MySQL|Penyimpanan federasi adalah fitur MySQL yang memungkinkan Anda menggabungkan data dari beberapa server MySQL menjadi satu tampilan terpadu.
Bagaimana cara memperbaiki tabel yang rusak dalam MySQL|Anda dapat memperbaiki tabel yang rusak dalam MySQL dengan menggunakan perintah REPAIR TABLE atau dengan menggunakan alat pemulihan seperti mysqlcheck.
Apa itu pembatasan (constraint) dalam MySQL|Pembatasan adalah aturan yang diterapkan pada data dalam tabel untuk memastikan integritas data, seperti kunci utama, kunci asing, dan pembatasan unik.
Bagaimana cara menambahkan pembatasan pada tabel dalam MySQL|Anda dapat menambahkan pembatasan pada tabel saat membuat tabel baru atau dengan menggunakan perintah ALTER TABLE untuk menambahkan pembatasan setelah pembuatan tabel.
Apa itu penyimpanan berbasis JSON dalam MySQL|Penyimpanan berbasis JSON adalah fitur MySQL yang memungkinkan Anda menyimpan dan mengelola data dalam format JSON di dalam kolom tabel.
Apa itu penyimpanan berbasis XML dalam MySQL|Penyimpanan berbasis XML adalah fitur MySQL yang memungkinkan Anda menyimpan dan mengelola data dalam format XML di dalam kolom tabel.
Bagaimana cara membuat indeks komposit dalam MySQL|Anda dapat membuat indeks komposit dalam MySQL dengan menambahkan indeks pada beberapa kolom sekaligus, yang memungkinkan pencarian yang efisien berdasarkan kombinasi nilai dari kolom tersebut.
Apa itu penyimpanan berbasis dokumen dalam MySQL|Penyimpanan berbasis dokumen adalah fitur MySQL yang memungkinkan Anda menyimpan dan mengelola data dalam format dokumen, seperti JSON atau XML, di dalam kolom tabel.
Apa itu kebijakan retensi (retention policy) dalam MySQL|Kebijakan retensi adalah aturan yang diterapkan pada data dalam tabel untuk menentukan berapa lama data akan disimpan sebelum dihapus atau diarsipkan.
Bagaimana cara membuat kebijakan retensi dalam MySQL|Anda dapat membuat kebijakan retensi dalam MySQL dengan menentukan aturan penghapusan data berdasarkan tanggal atau kondisi lainnya menggunakan pernyataan SQL.
Apa itu distribusi horizontal dalam MySQL|Distribusi horizontal adalah teknik yang digunakan dalam database terdistribusi di mana data dibagi menjadi beberapa partisi yang disimpan di beberapa node atau server.
Apa itu penyimpanan berbasis dokumen dalam MySQL|Penyimpanan berbasis dokumen adalah fitur MySQL yang memungkinkan Anda menyimpan data dalam format dokumen, seperti JSON atau XML, di dalam kolom tabel.
Apa itu sharding dalam MySQL|Sharding adalah teknik yang digunakan dalam database terdistribusi di mana data dibagi menjadi beberapa bagian yang disebut shard dan didistribusikan di beberapa node atau server.
Bagaimana cara melakukan sharding dalam MySQL|Anda dapat melakukan sharding dalam MySQL dengan membagi data menjadi beberapa shard berdasarkan kriteria tertentu, seperti rentang nilai atau kunci hash, dan mendistribusikannya di beberapa node atau server.
Apa itu eksekusi paralel dalam MySQL|Eksekusi paralel adalah teknik yang digunakan dalam database untuk menjalankan beberapa operasi atau kueri secara bersamaan untuk meningkatkan kinerja.
Bagaimana cara mengaktifkan eksekusi paralel dalam MySQL|Anda dapat mengaktifkan eksekusi paralel dalam MySQL dengan mengkonfigurasi pengaturan seperti jumlah thread eksekusi paralel atau dengan menggunakan perintah SQL yang mendukung eksekusi paralel.
Apa itu penyimpanan berbasis waktu dalam MySQL|Penyimpanan berbasis waktu adalah fitur MySQL yang memungkinkan Anda menyimpan data dengan informasi waktu, seperti tanda waktu pembuatan atau pembaruan, di dalam kolom tabel.
Bagaimana cara mengelola tanda waktu dalam MySQL|Anda dapat mengelola tanda waktu dalam MySQL dengan menggunakan tipe data yang sesuai, seperti TIMESTAMP atau DATETIME, dan menulis kueri yang memanfaatkan informasi waktu.
Apa itu penghapusan lembut (soft delete) dalam MySQL|Penghapusan lembut adalah teknik yang digunakan dalam basis data di mana data yang dihapus tidak dihapus secara permanen tetapi ditandai sebagai tidak aktif atau dihapus.
Bagaimana cara menerapkan penghapusan lembut dalam MySQL|Anda dapat menerapkan penghapusan lembut dalam MySQL dengan menambahkan kolom status atau tanda waktu hapus dan menyesuaikan kueri Anda untuk menangani data yang dihapus secara lembut.
Apa itu replikasi dalam MySQL|Replikasi adalah proses yang digunakan dalam database terdistribusi di mana data disalin dari satu node atau server ke node atau server lain untuk tujuan ketersediaan tinggi atau pencadangan.
Bagaimana cara mengkonfigurasi replikasi dalam MySQL|Anda dapat mengkonfigurasi replikasi dalam MySQL dengan menentukan node master dan node slave, mengaktifkan log biner, dan mengkonfigurasi parameter replikasi pada setiap node.
Apa itu failover dalam replikasi MySQL|Failover adalah proses yang terjadi dalam replikasi MySQL di mana satu node slave diangkat sebagai master jika node master mengalami kegagalan, untuk mempertahankan ketersediaan layanan.
Bagaimana cara mengelola replikasi MySQL|Anda dapat mengelola replikasi MySQL dengan memonitor status replikasi, menangani konflik replikasi, dan melakukan tugas-tugas administratif lainnya menggunakan alat atau perintah yang tersedia.
Apa itu pengalamatan geografis dalam MySQL|Pengalamatan geografis adalah fitur MySQL yang memungkinkan Anda menyimpan dan mengelola data geografis, seperti titik atau wilayah, di dalam kolom tabel.
Bagaimana cara menggunakan pengalamatan geografis dalam MySQL|Anda dapat menggunakan pengalamatan geografis dalam MySQL dengan menggunakan tipe data yang sesuai, seperti POINT atau POLYGON, dan menulis kueri yang memanfaatkan informasi geografis.
Apa itu penyimpanan berbasis JSON dalam MySQL|Penyimpanan berbasis JSON adalah fitur MySQL yang memungkinkan Anda menyimpan dan mengelola data dalam format JSON di dalam kolom tabel.
Bagaimana cara menggunakan penyimpanan berbasis JSON dalam MySQL|Anda dapat menggunakan penyimpanan berbasis JSON dalam MySQL dengan menggunakan tipe data JSON dan menulis kueri yang memanfaatkan struktur data JSON.
Apa itu penyimpanan berbasis XML dalam MySQL|Penyimpanan berbasis XML adalah fitur MySQL yang memungkinkan Anda menyimpan dan mengelola data dalam format XML di dalam kolom tabel.
Bagaimana cara menggunakan penyimpanan berbasis XML dalam MySQL|Anda dapat menggunakan penyimpanan berbasis XML dalam MySQL dengan menggunakan tipe data XML dan menulis kueri yang memanfaatkan struktur data XML.
Apa itu penyimpanan berbasis float dalam MySQL|Penyimpanan berbasis float adalah fitur MySQL yang memungkinkan Anda menyimpan dan mengelola data dalam format floating point di dalam kolom tabel.
Bagaimana cara menggunakan penyimpanan berbasis float dalam MySQL|Anda dapat menggunakan penyimpanan berbasis float dalam MySQL dengan menggunakan tipe data FLOAT atau DOUBLE dan menulis kueri yang memanfaatkan informasi floating point.
Apa itu kueri bersyarat (conditional query) dalam MySQL|Kueri bersyarat adalah kueri dalam MySQL yang mengembalikan hasil berdasarkan kondisi yang ditentukan, seperti WHERE atau HAVING.
Bagaimana cara menulis kueri bersyarat dalam MySQL|Anda dapat menulis kueri bersyarat dalam MySQL dengan menambahkan klausa WHERE atau HAVING setelah pernyataan SELECT, UPDATE, DELETE, atau pernyataan lainnya.
Apa itu fungsi dalam MySQL|Fungsi adalah instruksi dalam MySQL yang menerima input, melakukan operasi tertentu, dan mengembalikan output. Contohnya termasuk fungsi matematika seperti SUM atau fungsi string seperti CONCAT.
Bagaimana cara menggunakan fungsi dalam MySQL|Anda dapat menggunakan fungsi dalam MySQL dengan menulis nama fungsi diikuti oleh parameter dalam pernyataan SQL. Contohnya, CONCAT('Hello', 'World') akan mengembalikan 'HelloWorld'.
Apa itu penyimpanan berbasis ASCII dalam MySQL|Penyimpanan berbasis ASCII adalah fitur MySQL yang memungkinkan Anda menyimpan dan mengelola data dalam format ASCII di dalam kolom tabel.
Bagaimana cara menggunakan penyimpanan berbasis ASCII dalam MySQL|Anda dapat menggunakan penyimpanan berbasis ASCII dalam MySQL dengan menggunakan tipe data CHAR atau VARCHAR dan menulis kueri yang memanfaatkan informasi ASCII.
Apa itu penyimpanan berbasis Unicode dalam MySQL|Penyimpanan berbasis Unicode adalah fitur MySQL yang memungkinkan Anda menyimpan dan mengelola data dalam format Unicode di dalam kolom tabel.
Bagaimana cara menggunakan penyimpanan berbasis Unicode dalam MySQL|Anda dapat menggunakan penyimpanan berbasis Unicode dalam MySQL dengan menggunakan tipe data VARCHAR atau TEXT dengan pengaturan karakter set UTF-8 atau UTF-16.
Apa itu penyimpanan berbasis binary dalam MySQL|Penyimpanan berbasis binary adalah fitur MySQL yang memungkinkan Anda menyimpan dan mengelola data dalam format biner di dalam kolom tabel.
Bagaimana cara menggunakan penyimpanan berbasis binary dalam MySQL|Anda dapat menggunakan penyimpanan berbasis binary dalam MySQL dengan menggunakan tipe data BINARY atau VARBINARY dan menulis kueri yang memanfaatkan informasi biner.
Apa itu penyimpanan berbasis hexadecimal dalam MySQL|Penyimpanan berbasis hexadecimal adalah fitur MySQL yang memungkinkan Anda menyimpan dan mengelola data dalam format heksadesimal di dalam kolom tabel.
Bagaimana cara menggunakan penyimpanan berbasis hexadecimal dalam MySQL|Anda dapat menggunakan penyimpanan berbasis hexadecimal dalam MySQL dengan menggunakan tipe data HEX dan menulis kueri yang memanfaatkan informasi heksadesimal.
Apa itu pembatasan unik (unique constraint) dalam MySQL|Pembatasan unik adalah aturan yang diterapkan pada kolom dalam tabel MySQL untuk memastikan bahwa setiap nilai di kolom tersebut adalah unik, yaitu tidak ada nilai yang sama di antara baris lain.
Bagaimana cara menambahkan pembatasan unik pada kolom dalam MySQL|Anda dapat menambahkan pembatasan unik pada kolom dalam MySQL dengan menentukan klausa UNIQUE setelah definisi kolom yang diinginkan saat membuat atau mengubah tabel.
Apa itu pengaturan karakter set (character set) dalam MySQL|Pengaturan karakter set adalah konfigurasi yang digunakan dalam MySQL untuk menentukan set karakter yang dapat digunakan dalam data yang disimpan di dalam kolom tabel.
Bagaimana cara mengatur karakter set dalam MySQL|Anda dapat mengatur karakter set dalam MySQL saat membuat atau mengubah tabel dengan menentukan pengaturan karakter set yang diinginkan menggunakan klausa CHARACTER SET.
Apa itu kolasi (collation) dalam MySQL|Kolasi adalah aturan yang digunakan dalam MySQL untuk membandingkan dan mengurutkan karakter dalam data, yang dapat mempengaruhi cara data diurutkan dan dibandingkan dalam kueri.
Bagaimana cara mengatur kolasi dalam MySQL|Anda dapat mengatur kolasi dalam MySQL saat membuat atau mengubah tabel dengan menentukan pengaturan kolasi yang diinginkan menggunakan klausa COLLATE.
Apa itu trigger dalam MySQL|Trigger adalah blok kode yang dijalankan secara otomatis oleh server MySQL ketika suatu peristiwa tertentu terjadi pada tabel, seperti operasi penyisipan, pembaruan, atau penghapusan.
Bagaimana cara membuat trigger dalam MySQL|Anda dapat membuat trigger dalam MySQL dengan menggunakan pernyataan CREATE TRIGGER, yang menentukan peristiwa yang dipicu, waktu trigger dijalankan, dan blok kode yang dieksekusi.
Apa itu penjadwalan (scheduling) dalam MySQL|Penjadwalan adalah fitur MySQL yang memungkinkan Anda menjalankan pernyataan SQL secara otomatis pada waktu tertentu atau dengan interval tertentu.
Bagaimana cara membuat penjadwalan dalam MySQL|Anda dapat membuat penjadwalan dalam MySQL dengan menggunakan pernyataan CREATE EVENT, yang menentukan jadwal eksekusi, pernyataan yang akan dijalankan, dan interval waktu yang diinginkan.
Apa itu penyimpanan terenkripsi (encrypted storage) dalam MySQL|Penyimpanan terenkripsi adalah fitur MySQL yang memungkinkan Anda menyimpan data dalam bentuk terenkripsi di dalam kolom tabel, yang meningkatkan keamanan data.
Bagaimana cara menggunakan penyimpanan terenkripsi dalam MySQL|Anda dapat menggunakan penyimpanan terenkripsi dalam MySQL dengan menggunakan tipe data yang mendukung enkripsi, seperti VARBINARY dengan kunci enkripsi yang sesuai, dan mengimplementasikan logika enkripsi dan dekripsi dalam aplikasi.
Apa itu tindakan RESTRICT dalam MySQL|Tindakan RESTRICT adalah aturan yang diterapkan pada kunci asing dalam MySQL yang mencegah penghapusan atau pembaruan baris yang memiliki ketergantungan kunci asing di tabel lain.
Apa itu tindakan CASCADE dalam MySQL|Tindakan CASCADE adalah aturan yang diterapkan pada kunci asing dalam MySQL yang memungkinkan penghapusan atau pembaruan baris yang memiliki ketergantungan kunci asing di tabel lain, dan juga secara otomatis mempengaruhi baris yang terkait dalam tabel tersebut.
Apa itu tindakan SET NULL dalam MySQL|Tindakan SET NULL adalah aturan yang diterapkan pada kunci asing dalam MySQL yang mengatur nilai kolom yang terkait menjadi NULL ketika baris yang terkait di tabel utama dihapus atau diperbarui.
Apa itu tindakan NO ACTION dalam MySQL|Tindakan NO ACTION adalah aturan yang diterapkan pada kunci asing dalam MySQL yang mencegah penghapusan atau pembaruan baris yang memiliki ketergantungan kunci asing di tabel lain, tetapi tidak melakukan tindakan apa pun pada baris yang terkait.
Apa itu penguncian (locking) dalam konteks transaksi MySQL|Penguncian dalam konteks transaksi MySQL adalah mekanisme yang digunakan untuk memastikan konsistensi data dengan memblokir akses ke data yang sedang digunakan atau dimodifikasi oleh transaksi lain sampai transaksi saat ini selesai.
Apa itu penguncian (locking) dalam konteks tabel MySQL|Penguncian dalam konteks tabel MySQL adalah mekanisme yang digunakan untuk mencegah akses simultan ke seluruh tabel atau bagian tabel tertentu selama operasi tertentu, seperti operasi penghapusan atau pembaruan.
Apa itu pemantauan kinerja (performance monitoring) dalam MySQL|Pemantauan kinerja adalah proses yang digunakan untuk memantau dan menganalisis kinerja server MySQL, termasuk waktu respon, penggunaan sumber daya, dan beban kerja.
Bagaimana cara melakukan pemantauan kinerja dalam MySQL|Anda dapat melakukan pemantauan kinerja dalam MySQL dengan menggunakan alat bawaan seperti MySQL Performance Schema atau dengan menggunakan alat pihak ketiga seperti Percona Monitoring and Management.
Apa itu penyimpanan berbasis waktu dalam MySQL|Penyimpanan berbasis waktu adalah fitur MySQL yang memungkinkan Anda menyimpan dan mengelola data dengan informasi waktu, seperti tanda waktu pembuatan atau pembaruan, di dalam kolom tabel.
Bagaimana cara mengelola tanda waktu dalam MySQL|Anda dapat mengelola tanda waktu dalam MySQL dengan menggunakan tipe data yang sesuai, seperti TIMESTAMP atau DATETIME, dan menulis kueri yang memanfaatkan informasi waktu.
Apa itu pengindeksan (indexing) dalam MySQL|Pengindeksan adalah proses yang digunakan untuk meningkatkan kinerja kueri dengan membuat struktur data tambahan yang mempercepat pencarian dan pengurutan data dalam tabel.
Bagaimana cara melakukan pengindeksan dalam MySQL|Anda dapat melakukan pengindeksan dalam MySQL dengan menambahkan indeks ke kolom yang sering digunakan dalam kueri pencarian atau pengurutan, seperti menggunakan perintah CREATE INDEX.
Apa itu indeks unik (unique index) dalam MySQL|Indeks unik adalah indeks dalam MySQL yang memastikan bahwa setiap nilai dalam kolom yang diindeks adalah unik, sehingga memungkinkan pencarian yang efisien dan mencegah duplikasi data.
Bagaimana cara membuat indeks unik dalam MySQL|Anda dapat membuat indeks unik dalam MySQL dengan menambahkan indeks yang unik ke kolom yang diinginkan saat membuat atau mengubah tabel.
Apa itu indeks non-unik (non-unique index) dalam MySQL|Indeks non-unik adalah indeks dalam MySQL yang memungkinkan duplikasi nilai dalam kolom yang diindeks, yang berguna untuk meningkatkan kinerja pencarian tetapi tidak memastikan keunikan nilai.
Bagaimana cara membuat indeks non-unik dalam MySQL|Anda dapat membuat indeks non-unik dalam MySQL dengan menambahkan indeks ke kolom yang diinginkan saat membuat atau mengubah tabel tanpa menambahkan klausa UNIQUE.
Apa itu indeks gabungan (composite index) dalam MySQL|Indeks gabungan adalah indeks dalam MySQL yang terdiri dari beberapa kolom, yang memungkinkan pencarian yang efisien berdasarkan kombinasi nilai dari kolom tersebut.
Bagaimana cara membuat indeks gabungan dalam MySQL|Anda dapat membuat indeks gabungan dalam MySQL dengan menambahkan indeks ke beberapa kolom sekaligus saat membuat atau mengubah tabel.
Apa itu statistik query (query statistics) dalam MySQL|Statistik query adalah informasi yang diterima oleh server MySQL tentang kinerja eksekusi kueri, seperti waktu eksekusi, jumlah baris yang diproses, dan penggunaan sumber daya.
Bagaimana cara mengakses statistik query dalam MySQL|Anda dapat mengakses statistik query dalam MySQL dengan menggunakan perintah EXPLAIN sebelum kueri untuk melihat rencana eksekusi kueri dan menggunakan alat pemantauan kinerja untuk menganalisis statistik kueri.
Apa itu partisi tabel (table partitioning) dalam MySQL|Partisi tabel adalah teknik yang digunakan dalam MySQL untuk membagi data tabel menjadi bagian-bagian yang lebih kecil yang disebut partisi, yang dapat meningkatkan kinerja dan manajabilitas.
Bagaimana cara melakukan partisi tabel dalam MySQL|Anda dapat melakukan partisi tabel dalam MySQL dengan menentukan klausa PARTITION BY saat membuat tabel dan menentukan kriteria partisi seperti kolom yang digunakan untuk partisi.
Apa itu partisi horizontal (horizontal partitioning) dalam MySQL|Partisi horizontal adalah teknik partisi tabel dalam MySQL di mana data dibagi menjadi beberapa partisi yang disimpan di lokasi yang berbeda, biasanya berdasarkan rentang nilai atau kunci tertentu.
Apa itu partisi vertikal (vertical partitioning) dalam MySQL|Partisi vertikal adalah teknik partisi tabel dalam MySQL di mana kolom tabel dibagi menjadi kelompok-kelompok yang disimpan di lokasi yang berbeda, biasanya berdasarkan kriteria fungsional atau akses.
Apa itu partisi berbasis kunci (key-based partitioning) dalam MySQL|Partisi berbasis kunci adalah teknik partisi tabel dalam MySQL di mana data dibagi menjadi beberapa partisi berdasarkan nilai dari satu atau beberapa kolom kunci yang ditentukan.
Apa itu partisi berbasis rentang (range partitioning) dalam MySQL|Partisi berbasis rentang adalah teknik partisi tabel dalam MySQL di mana data dibagi menjadi beberapa partisi berdasarkan rentang nilai dari kolom tertentu, seperti tanggal atau nomor.
Apa itu partisi berbasis daftar (list partitioning) dalam MySQL|Partisi berbasis daftar adalah teknik partisi tabel dalam MySQL di mana data dibagi menjadi beberapa partisi berdasarkan nilai yang cocok dengan daftar nilai yang ditentukan.
Apa itu partisi berbasis hash (hash partitioning) dalam MySQL|Partisi berbasis hash adalah teknik partisi tabel dalam MySQL di mana data dibagi menjadi beberapa partisi berdasarkan nilai hasil hash dari satu atau beberapa kolom kunci.
Apa itu partisi berbasis kolumnar (columnar partitioning) dalam MySQL|Partisi berbasis kolumnar adalah teknik partisi tabel dalam MySQL di mana data dibagi menjadi beberapa partisi berdasarkan kolom-kolom tertentu yang dipilih.
Apa itu partisi berbasis round-robin (round-robin partitioning) dalam MySQL|Partisi berbasis round-robin adalah teknik partisi tabel dalam MySQL di mana data dibagi secara merata ke dalam beberapa partisi tanpa memperhatikan nilai atau kriteria tertentu.
Apa itu penyimpanan berbasis kolom (columnar storage) dalam MySQL|Penyimpanan berbasis kolom adalah teknik penyimpanan yang memungkinkan data dalam tabel disimpan berdasarkan kolom daripada baris, yang dapat meningkatkan kinerja pada operasi pembacaan kolom tertentu.
Apa itu penyimpanan berbasis baris (row-based storage) dalam MySQL|Penyimpanan berbasis baris adalah teknik penyimpanan di mana data dalam tabel disimpan berdasarkan baris daripada kolom, yang lebih umum dalam sistem manajemen basis data relasional seperti MySQL.
Apa itu penyimpanan berbasis teks (text-based storage) dalam MySQL|Penyimpanan berbasis teks adalah teknik penyimpanan yang memungkinkan Anda menyimpan dan mengelola data dalam format teks di dalam kolom tabel.
Apa itu penyimpanan berbasis biner (binary-based storage) dalam MySQL|Penyimpanan berbasis biner adalah teknik penyimpanan yang memungkinkan Anda menyimpan dan mengelola data dalam format biner di dalam kolom tabel.
Apa itu penyimpanan berbasis angka (number-based storage) dalam MySQL|Penyimpanan berbasis angka adalah teknik penyimpanan yang memungkinkan Anda menyimpan dan mengelola data dalam format angka di dalam kolom tabel.
Apa itu penyimpanan berbasis tanggal dan waktu (datetime-based storage) dalam MySQL|Penyimpanan berbasis tanggal dan waktu adalah teknik penyimpanan yang memungkinkan Anda menyimpan dan mengelola data dalam format tanggal dan waktu di dalam kolom tabel.
Apa itu penyimpanan berbasis JSON (JSON-based storage) dalam MySQL|Penyimpanan berbasis JSON adalah fitur MySQL yang memungkinkan Anda menyimpan dan mengelola data dalam format JSON di dalam kolom tabel.
Apa itu penyimpanan berbasis XML (XML-based storage) dalam MySQL|Penyimpanan berbasis XML adalah fitur MySQL yang memungkinkan Anda menyimpan dan mengelola data dalam format XML di dalam kolom tabel.
Apa itu penyimpanan berbasis teks panjang (long text-based storage) dalam MySQL|Penyimpanan berbasis teks panjang adalah teknik penyimpanan yang memungkinkan Anda menyimpan dan mengelola data teks yang panjang di dalam kolom tabel.
Apa itu penyimpanan berbasis teks pendek (short text-based storage) dalam MySQL|Penyimpanan berbasis teks pendek adalah teknik penyimpanan yang memungkinkan Anda menyimpan dan mengelola data teks yang pendek di dalam kolom tabel.
Apa itu penyimpanan berbasis desimal (decimal-based storage) dalam MySQL|Penyimpanan berbasis desimal adalah teknik penyimpanan yang memungkinkan Anda menyimpan dan mengelola data dalam format desimal di dalam kolom tabel.
Apa itu penyimpanan berbasis integer (integer-based storage) dalam MySQL|Penyimpanan berbasis integer adalah teknik penyimpanan yang memungkinkan Anda menyimpan dan mengelola data dalam format integer di dalam kolom tabel.
Apa itu penyimpanan berbasis float (float-based storage) dalam MySQL|Penyimpanan berbasis float adalah teknik penyimpanan yang memungkinkan Anda menyimpan dan mengelola data dalam format floating point di dalam kolom tabel.